id_editora,nome,contato
1,Campos Pereira e Filhos,barbosalucca@example.org
2,Fonseca,maria-helenafonseca@example.com
3,Santos,luigicostela@example.com
4,Pastor Ltda.,vianasamuel@example.net
5,Abreu - ME,maria-julia83@example.org
6,Novais,vitor-hugocardoso@example.org
7,Albuquerque,pietro69@example.org
8,Nascimento Marques Ltda.,nunesagatha@example.net
9,Pastor,pduarte@example.net
10,Pastor,da-motaclarice@example.com
11,Peixoto,vinicius02@example.net
12,Montenegro,brendaramos@example.net
13,Aparecida Moraes e Filhos,montenegrofrancisco@example.org
14,da Rocha - ME,nicolemelo@example.org
15,Ribeiro Cassiano e Filhos,alice05@example.org
16,Araújo - ME,alexiaramos@example.org
17,Camargo S.A.,rebeca94@example.net
18,da Cruz,rodrigo18@example.com
19,Rocha - ME,nascimentojose-miguel@example.com
20,Vieira,marianada-rosa@example.org
21,Gonçalves,viniciusferreira@example.net
22,Rocha Rios Ltda.,lda-rosa@example.com
23,Oliveira,joao-miguel40@example.com
24,Melo Machado - EI,nicoledias@example.org
25,Nunes S/A,maiteda-rocha@example.net
26,Vargas Souza S.A.,krezende@example.org
27,Machado S/A,cunhapaulo@example.net
28,Montenegro,rribeiro@example.org
29,Câmara Pacheco S.A.,fmarques@example.org
30,Monteiro Abreu Ltda.,ferreirayan@example.org
31,Cunha,mateus72@example.org
32,Porto,moreiraana-carolina@example.org
33,Gonçalves Novais S/A,matheusmartins@example.net
34,Silva,ribeirosamuel@example.org
35,Pastor,meloaylla@example.org
36,Fonseca Mendes - ME,vinicius25@example.com
37,Siqueira - EI,nicolasaragao@example.org
38,Silva Fernandes Ltda.,costabianca@example.com
39,Sales,davi-luizcarvalho@example.org
40,Novaes,maria-luiza82@example.net
41,Dias Rodrigues Ltda.,nda-cruz@example.net
42,da Mata Ribeiro - ME,wcassiano@example.com
43,Pimenta S/A,yfernandes@example.org
44,Porto Viana - ME,mjesus@example.org
45,Borges,luiz-otavionovaes@example.com
46,Lima da Rosa S/A,da-cruzlais@example.org
47,Porto Cunha S.A.,mendesheloisa@example.org
48,Silva,guerramaria-cecilia@example.com
49,Leão,kevin95@example.org
50,Rocha Ltda.,camargomaria-helena@example.net
51,Leão Camargo - EI,danilocampos@example.org
52,Camargo,rezendemaria-clara@example.com
53,Nascimento,maysa43@example.net
54,Fonseca S/A,da-luzisabella@example.com
55,Vieira,maria-helena42@example.org
56,Jesus Macedo e Filhos,ida-rocha@example.org
57,Nunes,idias@example.com
58,Camargo - EI,afarias@example.com
59,Pires,da-rosadavi-miguel@example.net
60,Albuquerque,josuedias@example.org
61,Sousa,lizmoraes@example.org
62,Costela,luiz-otaviovargas@example.net
63,Câmara S.A.,ferreiramarcela@example.org
64,Vasconcelos,cavalcantenatalia@example.net
65,Ferreira,helena69@example.org
66,Fogaça - ME,davi-luizrocha@example.net
67,Dias,levibarros@example.net
68,Abreu Ltda.,onunes@example.net
69,Caldeira,carolinaalves@example.com
70,Melo - ME,pedro-lucas61@example.org
71,Correia Casa Grande e Filhos,hmacedo@example.com
72,Brito S.A.,luanda-mota@example.com
73,Correia Dias - ME,dsousa@example.net
74,da Conceição e Filhos,fariasbento@example.org
75,Mendonça,bento36@example.net
76,Fonseca,fdias@example.com
77,da Luz,costathomas@example.com
78,Azevedo,olivia58@example.org
79,Correia,caldeirarafaela@example.org
80,Correia Melo S/A,maria-ceciliacampos@example.org
81,Melo,thiago36@example.net
82,Vasconcelos Cunha S/A,marcelo36@example.org
83,Rezende Fonseca S.A.,bryannascimento@example.com
84,Araújo,fernandogomes@example.com
85,Pinto Ltda.,heloisaduarte@example.com
86,Sousa Ltda.,fernandesraul@example.net
87,Cavalcanti,ada-paz@example.com
88,da Conceição,dviana@example.org
89,Casa Grande e Filhos,upinto@example.org
90,da Conceição,carlos-eduardoguerra@example.com
91,da Conceição S.A.,miguelcardoso@example.net
92,Barros,erick18@example.com
93,Souza,apollosantos@example.net
94,Barbosa,da-rochapedro-miguel@example.org
95,Pacheco,antony37@example.org
96,Campos Ltda.,lopespaulo@example.com
97,Fogaça,da-motaana-julia@example.com
98,Vargas,fogacamaria-sophia@example.net
99,da Cruz Ltda.,alexiapacheco@example.net
100,Camargo Vieira - EI,auroracavalcante@example.com
101,Araújo Fonseca e Filhos,maria-isispinto@example.net
102,Montenegro,caldeiramarcos-vinicius@example.org
103,Castro,yasminsa@example.net
104,da Luz - EI,nicole41@example.com
105,Rios,ndias@example.net
106,Teixeira,gabrielly78@example.net
107,Machado Vargas e Filhos,ravyrezende@example.com
108,da Cunha Dias S/A,silvaleandro@example.net
109,Vasconcelos,ana-carolinamartins@example.org
110,Dias,davi-lucasgomes@example.org
111,Aparecida,mcavalcante@example.com
112,da Cunha S/A,rmonteiro@example.org
113,Brito S/A,marinaandrade@example.com
114,Guerra da Conceição S/A,anna-lizgarcia@example.com
115,Leão Sampaio e Filhos,tmendes@example.org
116,Oliveira - ME,amanda19@example.com
117,Souza,drezende@example.org
118,Rezende Costa e Filhos,correialuisa@example.com
119,Fernandes S.A.,isiscavalcanti@example.com
120,Barros Campos S/A,pedro-lucas30@example.com
121,Fonseca Barros S/A,das-nevesamanda@example.com
122,Barbosa Brito e Filhos,vmoura@example.org
123,Mendes Jesus S.A.,peixotobeatriz@example.net
124,Costa,zoeoliveira@example.com
125,Nogueira,davi-lucca90@example.com
126,Sampaio - EI,luiz-miguel52@example.org
127,Melo Macedo e Filhos,clopes@example.com
128,Novaes e Filhos,renanguerra@example.org
129,Leão,tramos@example.org
130,Barros,manuelamontenegro@example.net
131,da Cunha S/A,emanuel11@example.net
132,da Cunha,levi87@example.org
133,Vieira,beniciofernandes@example.org
134,Vasconcelos,ana-carolina73@example.net
135,Vieira,fonsecafernando@example.net
136,Casa Grande S.A.,arthur-miguel72@example.org
137,Moreira,agatha50@example.net
138,Casa Grande,emilly30@example.net
139,Santos,eduarda37@example.com
140,Farias,ialves@example.net
141,Fernandes,nunesisabel@example.org
142,Siqueira,rguerra@example.com
143,Cirino,teixeiraaurora@example.net
144,Abreu S.A.,enricopacheco@example.com
145,Barros - ME,da-rosamariane@example.net
146,Rezende S.A.,davi-luccaoliveira@example.com
147,Moraes e Filhos,fogacamariane@example.net
148,Cunha Pastor S/A,vinicius48@example.net
149,Duarte,rezendeenzo@example.org
150,Aparecida,murilo10@example.com
151,Teixeira,duartehenry@example.net
152,Leão,ana-beatrizda-luz@example.net
153,Rezende,sdias@example.org
154,da Luz,pietrada-luz@example.com
155,Peixoto,heloisamoraes@example.com
156,da Conceição,joao-miguel52@example.org
157,da Mota Viana e Filhos,vicente77@example.org
158,Ferreira Fernandes Ltda.,theoda-mata@example.org
159,Marques,rochaenzo@example.net
160,Brito S/A,nunesisabela@example.org
161,Casa Grande,benjamim19@example.net
162,Duarte,qcamara@example.net
163,Pimenta,rezendeemilly@example.com
164,Mendonça,xramos@example.com
165,Novaes,joao-miguel17@example.org
166,Cavalcante,ycasa-grande@example.org
167,Ribeiro Ltda.,das-nevesbento@example.net
168,Vasconcelos,vda-rosa@example.net
169,Pereira,vicente88@example.net
170,Fernandes,bryanpeixoto@example.com
171,Correia,ifarias@example.net
172,Novaes,gustavo-henriqueramos@example.net
173,Peixoto e Filhos,davi-miguelnunes@example.org
174,Montenegro - EI,cavalcantesarah@example.org
175,Lima - EI,luana05@example.net
176,Cardoso,isabelanascimento@example.net
177,Silva,moreiraandre@example.com
178,Rios,gomeslorena@example.org
179,Jesus da Mota e Filhos,fogacajoao-pedro@example.net
180,Lopes Novais S/A,rduarte@example.net
181,Moraes,ucavalcanti@example.com
182,da Rosa,luna70@example.com
183,da Mota Fogaça S.A.,pachecogiovanna@example.com
184,Duarte,costalucca@example.net
185,Vieira,anthonypereira@example.org
186,Brito e Filhos,luana58@example.net
187,da Rocha,marinamendes@example.com
188,Campos,das-nevesisabela@example.com
189,Fernandes Lopes e Filhos,vianamaria@example.org
190,Novais,piresayla@example.com
191,Souza,antony04@example.com
192,Barros Melo - EI,pedro-lucas18@example.com
193,Farias - ME,ravy42@example.org
194,Mendes S.A.,rodriguesisabel@example.net
195,Vieira,maysa40@example.net
196,Oliveira,vitoria58@example.com
197,Costa Barros S.A.,tmelo@example.net
198,Pacheco Aragão - ME,sarah11@example.net
199,Peixoto - EI,pietrosa@example.com
200,Santos Ribeiro Ltda.,tda-conceicao@example.org
201,Rios - EI,vfogaca@example.com
202,Vasconcelos S/A,portoian@example.org
203,Almeida,novaisgiovanna@example.com
204,Barros,ana-carolinaramos@example.net
205,Monteiro,bda-costa@example.org
206,Cardoso,larissa08@example.net
207,Montenegro e Filhos,mmendes@example.com
208,Abreu,azevedovitor@example.com
209,das Neves da Rocha - ME,leoazevedo@example.net
210,Fernandes Ltda.,vcamara@example.net
211,Novaes Andrade - ME,maria-eduarda10@example.com
212,Câmara,qpimenta@example.org
213,Araújo,ucunha@example.org
214,da Cunha Ltda.,gabriel29@example.net
215,Cassiano da Mata S/A,icardoso@example.org
216,Barros,aragaoanna-liz@example.net
217,Mendes,isabella31@example.org
218,Câmara da Rosa Ltda.,usales@example.org
219,Rios e Filhos,alexia27@example.net
220,da Costa Ltda.,thomas95@example.org
221,Abreu,sampaiostephany@example.net
222,Nunes Novaes e Filhos,davi-lucasrios@example.org
223,Guerra,avargas@example.com
224,Ferreira e Filhos,ninaazevedo@example.com
225,Ribeiro S/A,enrico66@example.org
226,Ribeiro S.A.,maya06@example.com
227,Costela,xda-rosa@example.net
228,Azevedo,isisda-luz@example.com
229,da Rosa,gpimenta@example.org
230,da Rocha - EI,isabela12@example.net
231,Moraes - ME,maria-lizvargas@example.com
232,Ramos,zgomes@example.com
233,Campos - EI,lda-costa@example.org
234,Rezende e Filhos,caraujo@example.com
235,Pimenta,mendesraul@example.com
236,Câmara,dpereira@example.com
237,Brito,cda-conceicao@example.org
238,Abreu Machado - EI,joana99@example.net
239,Rocha Almeida - EI,beatriz62@example.org
240,Aragão Guerra - ME,theo65@example.net
241,Nogueira - ME,silveirajoao-gabriel@example.net
242,Freitas e Filhos,ramosesther@example.net
243,Novais,rodriguescecilia@example.com
244,Peixoto Barbosa - EI,da-cunhamilena@example.net
245,Melo,mateusda-conceicao@example.com
246,Barros Pinto - ME,csilva@example.com
247,Pastor S.A.,zvieira@example.org
248,Cavalcanti,calebjesus@example.org
249,Borges,frocha@example.net
250,Silva,marina75@example.com
251,Lima Aragão e Filhos,mpinto@example.org
252,da Luz,da-rosalorenzo@example.net
253,Alves,jda-paz@example.com
254,Lima S.A.,vsantos@example.org
255,Sousa,lunna60@example.net
256,Monteiro Leão - EI,tcasa-grande@example.net
257,Montenegro Dias Ltda.,fcaldeira@example.com
258,da Mata,clara56@example.net
259,Teixeira,fogacanina@example.net
260,Marques,andradebarbara@example.com
261,Albuquerque,zsouza@example.com
262,Cunha,mouravalentina@example.com
263,Nascimento Pimenta - ME,jda-costa@example.com
264,Caldeira,moraesvinicius@example.com
265,Mendes Costela Ltda.,peixotorafael@example.net
266,Farias,helena68@example.net
267,Freitas,marinaguerra@example.org
268,Cunha,vitorsilva@example.net
269,Machado,davi86@example.com
270,Siqueira,vitor-hugo56@example.net
271,Costa Cirino S/A,fogacathomas@example.net
272,Nunes Monteiro - EI,josueda-costa@example.com
273,Cavalcanti - EI,caldeirabenicio@example.org
274,Moraes Costela S.A.,ferreiraanna-liz@example.org
275,Peixoto Ltda.,diaslorenzo@example.net
276,Costela,viniciusda-costa@example.com
277,Viana,joao-lucasbrito@example.com
278,Carvalho Freitas S.A.,obarbosa@example.net
279,da Conceição,manuela22@example.org
280,Camargo,calebe65@example.com
281,Cavalcanti,aragaoryan@example.org
282,Duarte - EI,vitor-gabrielfarias@example.net
283,Cavalcante,abreucaleb@example.com
284,Costela e Filhos,oliviasales@example.org
285,Cavalcante Oliveira - EI,isis82@example.org
286,Oliveira Câmara S/A,pedro29@example.com
287,Dias,santoslavinia@example.org
288,Teixeira,ymelo@example.net
289,Rezende,davi-lucascirino@example.net
290,Pires - ME,cecilia69@example.com
291,Novaes,ferreiraolivia@example.net
292,Barbosa Pacheco Ltda.,britojoao-pedro@example.net
293,Melo Peixoto e Filhos,andre55@example.net
294,Vasconcelos Ltda.,gomesluiz-gustavo@example.com
295,da Rocha,danielsales@example.org
296,Caldeira Vieira Ltda.,lda-paz@example.net
297,Barros,vargasnicole@example.com
298,Câmara Mendes - EI,ipereira@example.org
299,Costa - EI,mendoncajoao-pedro@example.org
300,Freitas,pedro-lucas26@example.org
301,Cavalcanti,enzoaparecida@example.org
302,Brito,sacamila@example.com
303,Nunes - EI,agathapimenta@example.org
304,Vasconcelos S/A,luiz-gustavomendonca@example.net
305,Montenegro - EI,luanacamara@example.com
306,Caldeira - EI,maria-sophia82@example.org
307,Pires Souza - ME,natalia16@example.net
308,Barbosa,valentim69@example.net
309,Cardoso,luiza98@example.net
310,Correia da Cruz - EI,marqueshenry@example.org
311,Sousa,olivia59@example.net
312,Ramos Ltda.,znascimento@example.com
313,Silveira,salesleticia@example.org
314,Souza,rodrigoramos@example.org
315,da Conceição,lunaazevedo@example.net
316,Martins,benjaminlima@example.org
317,Sampaio da Mata - ME,theodoroaragao@example.com
318,Lima,bcostela@example.com
319,Novaes Cunha e Filhos,maria-helena77@example.net
320,da Mata,portofernanda@example.org
321,Ferreira,juanmacedo@example.com
322,Aragão,ravy32@example.net
323,Carvalho - EI,danilosales@example.com
324,Martins,araujocecilia@example.com
325,Garcia - EI,cpires@example.net
326,Barbosa Ltda.,amanda79@example.org
327,Peixoto,raulsilveira@example.net
328,Pereira,fguerra@example.org
329,Sousa e Filhos,ecosta@example.net
330,Leão S/A,pedro-henriquecostela@example.net
331,Barbosa S/A,matteocamara@example.net
332,Sales Carvalho - EI,xporto@example.net
333,Gomes,nsousa@example.org
334,Castro,pedro-lucasjesus@example.org
335,Caldeira,thales01@example.org
336,Cassiano,xmarques@example.com
337,Jesus Andrade Ltda.,znascimento@example.org
338,Cardoso Melo Ltda.,mirellamelo@example.com
339,Nogueira Macedo S/A,milenabrito@example.net
340,Cirino,marquesnicole@example.org
341,Castro,icorreia@example.org
342,da Luz,fnascimento@example.net
343,Pacheco,rezendejoao-miguel@example.com
344,Pires S/A,ramosjoao-lucas@example.org
345,Dias Dias S/A,pimentaian@example.com
346,Moraes,vitormacedo@example.net
347,Vargas,levi10@example.org
348,Moreira,kda-rocha@example.org
349,Rocha,palmeida@example.com
350,da Rosa,jose-miguel36@example.net
351,Brito,anthony-gabriel14@example.com
352,da Mata - EI,lgarcia@example.com
353,Aragão,fnunes@example.net
354,Ramos Novaes - EI,da-mataclara@example.org
355,da Mata e Filhos,vitor-gabrielalmeida@example.org
356,Jesus S/A,sabruno@example.com
357,Barros Garcia S/A,pramos@example.com
358,Costa,osa@example.net
359,Ribeiro,davi-luizborges@example.com
360,Casa Grande,levi64@example.org
361,Rodrigues,nicolasbarros@example.net
362,Vargas Almeida S/A,eloa59@example.net
363,Jesus,ana-livia56@example.org
364,da Paz,xporto@example.com
365,Jesus Brito - EI,ana-cecilia96@example.com
366,Mendonça,inascimento@example.org
367,Cavalcante,zoe27@example.net
368,Peixoto,mariane54@example.net
369,Andrade Albuquerque - ME,joao-gabriel35@example.com
370,Caldeira,raelborges@example.org
371,Moura,joaquim52@example.com
372,Rezende,fsampaio@example.net
373,Abreu Costa - EI,wcampos@example.com
374,Alves,isisalmeida@example.net
375,Pimenta,carolina54@example.org
376,Lima Lima e Filhos,luiz-miguel48@example.com
377,Novais Ltda.,sara60@example.org
378,Marques,franciscoferreira@example.com
379,Moraes Nogueira e Filhos,daniel38@example.com
380,Moraes Aparecida S.A.,lalbuquerque@example.net
381,Almeida,sarasilveira@example.org
382,Rocha,hda-paz@example.net
383,Viana,luiz-gustavo75@example.com
384,Caldeira Ltda.,trodrigues@example.org
385,Cassiano Novais S/A,claricepastor@example.org
386,Vieira,castroisabelly@example.net
387,Nogueira,vieirajuan@example.org
388,Ribeiro - EI,ufogaca@example.com
389,Duarte,maria-vitoriapinto@example.org
390,Freitas,arthur-gabriel19@example.org
391,Albuquerque S/A,riosrenan@example.net
392,da Rocha,aborges@example.net
393,Andrade Pinto Ltda.,davi-luccarodrigues@example.org
394,Marques S/A,maria-julia89@example.com
395,das Neves,leaoluiz-gustavo@example.org
396,da Mata,eloamartins@example.net
397,Novais Ltda.,jrios@example.com
398,Aragão,beatrizteixeira@example.com
399,Aparecida,rochaamanda@example.net
400,Teixeira S/A,cavalcanteluigi@example.net
401,Fogaça - EI,mendoncagiovanna@example.com
402,Novaes,enunes@example.com
403,da Costa,sousalarissa@example.net
404,Siqueira,cavalcantimelissa@example.com
405,Sampaio Leão S/A,vmendes@example.net
406,Araújo,jesusbenicio@example.org
407,Duarte,dsilva@example.net
408,Sousa,gael-henriqueteixeira@example.org
409,da Costa - ME,bpimenta@example.org
410,Aragão S.A.,castrohenry@example.net
411,Viana,gael-henrique88@example.net
412,Peixoto,melojulia@example.org
413,Azevedo,aurora09@example.net
414,Mendonça Macedo Ltda.,ynascimento@example.net
415,Sampaio Ltda.,thiago65@example.com
416,da Rosa Casa Grande - ME,maria-eduarda31@example.org
417,Monteiro,josuesilva@example.org
418,Viana - ME,marcos-vinicius30@example.net
419,Campos e Filhos,rafaelacassiano@example.net
420,Aparecida,sampaioeduardo@example.net
421,Novais,maria-florda-paz@example.org
422,da Paz Costela Ltda.,julianada-luz@example.com
423,Mendes Santos e Filhos,francisco32@example.org
424,Azevedo S.A.,melissaribeiro@example.net
425,Pereira da Mata Ltda.,henry-gabrielpacheco@example.net
426,Vieira Costela S/A,zmartins@example.net
427,Sousa Ltda.,brayan72@example.com
428,Porto,caldeiraluiz-gustavo@example.org
429,Almeida,isabella31@example.com
430,Machado,ulopes@example.org
431,Barros e Filhos,maria-flor01@example.net
432,da Cunha S/A,ida-luz@example.com
433,Caldeira S.A.,davidas-neves@example.org
434,Machado,goncalvesleticia@example.net
435,Vargas,ana-carolina89@example.net
436,da Rocha Lopes e Filhos,qoliveira@example.com
437,Silveira,freitasleo@example.org
438,Cirino - EI,gomesana-laura@example.net
439,Siqueira Fonseca - ME,zsales@example.org
440,Silva,gduarte@example.com
441,Cunha - ME,portofrancisco@example.net
442,Nogueira,cunhamaria-vitoria@example.com
443,Vasconcelos,hrocha@example.org
444,Duarte,isaquecassiano@example.net
445,Azevedo,diogofreitas@example.com
446,Vargas e Filhos,macedojose@example.net
447,Moreira,saragao@example.com
448,Silva Gomes - EI,fernandesmaya@example.net
449,Oliveira,isabelly96@example.org
450,Pacheco,bcasa-grande@example.net
451,Cunha,mateus75@example.net
452,Moreira da Rocha S/A,xcarvalho@example.net
453,Peixoto,riosthales@example.net
454,Pimenta e Filhos,vmarques@example.net
455,Duarte e Filhos,caldeiracaua@example.com
456,Sales,melocalebe@example.com
457,Pacheco Cavalcanti S.A.,gabrielsales@example.org
458,Nascimento,estercavalcanti@example.net
459,Garcia,azevedodaniela@example.net
460,da Luz Cirino - EI,pastorevelyn@example.com
461,Souza,carlos-eduardodias@example.org
462,da Mata S.A.,pborges@example.net
463,Mendes Marques e Filhos,vda-cruz@example.com
464,Sales,leaojoao-lucas@example.net
465,Pinto,jcavalcante@example.net
466,Cirino Aragão S/A,caue23@example.org
467,Brito,isadoravieira@example.org
468,Almeida,emanuellaramos@example.org
469,Novais e Filhos,nathancirino@example.com
470,Vieira,ycampos@example.org
471,Silveira,maria-luisamoura@example.org
472,Silva Santos S/A,scassiano@example.net
473,Garcia Viana - ME,luara63@example.com
474,Costa,lunna27@example.net
475,Sousa da Mota Ltda.,pereiraandre@example.com
476,Azevedo S.A.,cmendes@example.com
477,Ribeiro,amanda51@example.net
478,Alves,eloahmacedo@example.net
479,Sousa,hsampaio@example.org
480,Nunes,azevedopaulo@example.net
481,Rocha,lorena06@example.com
482,Vieira,upinto@example.net
483,Moura e Filhos,mendoncaheloisa@example.net
484,Sampaio Borges - EI,benjamin39@example.net
485,Almeida,nunesaurora@example.com
486,Sousa,lauraramos@example.com
487,Vasconcelos Pires S.A.,gaelmoreira@example.net
488,Guerra Campos - ME,maria-helena30@example.org
489,Carvalho,brayan88@example.com
490,Martins Novais Ltda.,igorferreira@example.net
491,Viana S.A.,cavalcantiana-liz@example.org
492,Barros,camilasilveira@example.org
493,Siqueira,gabriel95@example.net
494,Macedo e Filhos,jpastor@example.net
495,Rios S/A,pbarbosa@example.net
496,Teixeira Nascimento S/A,alicia63@example.org
497,Castro,ada-luz@example.net
498,Rezende Sá S.A.,guerrabento@example.org
499,Andrade,da-cruzleonardo@example.org
500,Carvalho,bento03@example.com
501,Rodrigues,sophia59@example.com
502,da Rocha S.A.,antonio21@example.org
503,Duarte,ppimenta@example.net
504,Lima,piresbruna@example.org
505,Camargo das Neves S.A.,ccarvalho@example.org
506,Nogueira Barbosa Ltda.,agathanunes@example.com
507,Nogueira Costa S/A,freitascecilia@example.net
508,Leão,ynunes@example.com
509,Camargo - ME,dda-paz@example.com
510,da Cunha,pereiraluiz-felipe@example.org
511,da Mota Correia - ME,davi-luizgoncalves@example.com
512,Pires Leão e Filhos,ottopastor@example.com
513,Gomes - EI,sarah31@example.org
514,Melo Caldeira Ltda.,larissacunha@example.com
515,Pimenta,melissacardoso@example.com
516,Viana,wnascimento@example.net
517,Carvalho S/A,marinamachado@example.org
518,Aparecida,moraesmaite@example.com
519,Martins Vasconcelos - EI,pereirarebeca@example.com
520,Fogaça Pimenta - ME,ynunes@example.com
521,Jesus e Filhos,qsales@example.net
522,Lopes - EI,isaquemoraes@example.com
523,Moraes,natalia94@example.com
524,Farias,da-costajoao-miguel@example.com
525,da Costa,beniciofernandes@example.net
526,Castro,rafaela47@example.org
527,Pacheco,camargoana-vitoria@example.net
528,Marques Moura Ltda.,gabrielacassiano@example.net
529,Viana,borgeseloa@example.com
530,Rezende S/A,avargas@example.net
531,Campos Santos - ME,bmoura@example.com
532,Barros - ME,portothiago@example.com
533,Andrade,sgomes@example.net
534,Sá - ME,vieiraclara@example.com
535,Casa Grande - ME,ravi-luccavargas@example.org
536,da Mata S/A,nfonseca@example.com
537,Monteiro - ME,maria-flor12@example.org
538,Gomes - EI,mendesagatha@example.com
539,Vasconcelos,vitoriada-mota@example.com
540,da Cruz Pastor - ME,hrios@example.com
541,Cavalcanti Garcia S/A,cpimenta@example.com
542,Monteiro Ltda.,marina56@example.org
543,Brito,biancasouza@example.com
544,Borges,heloisamendes@example.com
545,Monteiro,danilopereira@example.org
546,da Costa,fernandesmanuella@example.net
547,Freitas S.A.,mnascimento@example.org
548,Pereira - EI,ana-vitoria23@example.net
549,Novaes,da-rochaluiza@example.net
550,Fogaça Moura S/A,yribeiro@example.com
551,Cunha,mirellapeixoto@example.com
552,da Cunha e Filhos,silvaamanda@example.com
553,Brito,mendoncaisabela@example.org
554,Lima,liviaalves@example.com
555,Martins Fernandes S.A.,cirinoana-julia@example.org
556,Alves Câmara e Filhos,calebcastro@example.com
557,Marques da Mota S.A.,costelaluigi@example.org
558,Montenegro,umoura@example.org
559,Nogueira Rodrigues - EI,camila02@example.com
560,Casa Grande,isaacsantos@example.net
561,Alves Moreira - ME,icaldeira@example.com
562,Camargo S.A.,cda-mata@example.com
563,Cardoso,benjaminoliveira@example.org
564,Moreira Vieira - EI,maria-clara22@example.com
565,Barbosa,luiz-gustavo94@example.com
566,da Conceição Ltda.,jose-miguel06@example.org
567,Sá - ME,maria-eduarda62@example.net
568,Pires,gsantos@example.com
569,Farias Ltda.,maria-eduardasouza@example.com
570,Rocha,meloana-cecilia@example.org
571,Costa S/A,oliverfarias@example.com
572,Ribeiro,da-rochathales@example.com
573,Albuquerque,mariah40@example.net
574,Silveira,renan58@example.net
575,Sampaio,clara57@example.net
576,Porto,ramosjoana@example.net
577,Caldeira da Cunha Ltda.,gbarros@example.com
578,Araújo da Luz Ltda.,emanuel52@example.com
579,Dias e Filhos,aragaoluana@example.com
580,Aragão,rhavi86@example.com
581,Costa,yaragao@example.net
582,Casa Grande,luiz-fernandoda-cruz@example.net
583,Teixeira,rmarques@example.net
584,Pires,brayancaldeira@example.net
585,Vasconcelos Pimenta e Filhos,beatriz22@example.net
586,Câmara - ME,cecilia46@example.org
587,Camargo Vieira Ltda.,isabellyfernandes@example.com
588,Ribeiro,stephanycosta@example.org
589,Rocha e Filhos,isabela23@example.org
590,Novais,ypastor@example.net
591,Pires,ericksilveira@example.net
592,da Mota da Cruz Ltda.,gabrielcavalcanti@example.org
593,Marques,cunhadaniel@example.net
594,Ferreira,isis38@example.com
595,Moreira,dcarvalho@example.net
596,Fonseca,aragaoyago@example.org
597,Câmara Lima S/A,zoe77@example.net
598,da Costa Vargas - ME,yfarias@example.org
599,Vieira,isaquemachado@example.net
600,Moura Ltda.,jda-mata@example.com
601,Rodrigues,agathamachado@example.net
602,Nascimento S.A.,cardosoyago@example.com
603,Lima da Costa Ltda.,jose-miguelda-mata@example.com
604,Martins,amandaaraujo@example.com
605,Brito,crocha@example.net
606,Sá,lara18@example.com
607,Jesus S.A.,baragao@example.com
608,Jesus - EI,jfarias@example.com
609,Martins,pauloalves@example.com
610,Teixeira Alves e Filhos,helena77@example.com
611,Pastor Silveira S/A,raulda-paz@example.org
612,Novaes,laurapires@example.net
613,Pimenta S.A.,melomirella@example.org
614,Marques Lima - EI,caio72@example.org
615,Souza e Filhos,liammendes@example.com
616,Gomes,enzo-gabriel38@example.com
617,Melo,ncardoso@example.com
618,Cassiano,bento29@example.net
619,Cunha,carvalhoeloa@example.net
620,Cavalcanti,lsousa@example.org
621,Borges,rborges@example.com
622,da Conceição - EI,da-pazfelipe@example.org
623,Lima,tpeixoto@example.com
624,Almeida Lopes e Filhos,nataliavasconcelos@example.net
625,Pires Santos Ltda.,wfarias@example.net
626,Brito,ljesus@example.org
627,Jesus,caldeiradavi-lucca@example.net
628,Lima,sarahgoncalves@example.com
629,Ramos Albuquerque - ME,bento95@example.com
630,da Cunha,limamilena@example.org
631,Cardoso - EI,diogolopes@example.com
632,Câmara,souzaalana@example.org
633,Carvalho S.A.,beniciorezende@example.org
634,Pacheco,aragaocarlos-eduardo@example.org
635,Macedo Sales S/A,guerratheodoro@example.com
636,Vieira S/A,nuneslucas-gabriel@example.com
637,da Luz - EI,oda-costa@example.net
638,Pinto,vitor82@example.net
639,Rezende,agathacamargo@example.org
640,da Conceição,cavalcantepaulo@example.net
641,Fernandes,murilo50@example.org
642,Souza S/A,mguerra@example.com
643,Brito,luiz-fernandoda-rocha@example.com
644,Cavalcante,agathaazevedo@example.org
645,Pereira e Filhos,isadoragarcia@example.com
646,Costa,lara65@example.com
647,Sá,calbuquerque@example.com
648,Costela,albuquerqueemanuelly@example.net
649,Costa Oliveira S.A.,luiz-henrique81@example.com
650,Mendes - ME,jandrade@example.net
651,Pires,davi-luiz92@example.com
652,Guerra Almeida e Filhos,fernandosampaio@example.com
653,Ribeiro - EI,marcela01@example.com
654,Pimenta,holiveira@example.net
655,da Rocha - ME,ccastro@example.com
656,Cavalcanti,mirellamendonca@example.com
657,Siqueira Sampaio Ltda.,gael93@example.org
658,Pinto,vicentedias@example.com
659,Jesus Costa Ltda.,pintooliver@example.com
660,Campos e Filhos,nogueiramarcos-vinicius@example.com
661,Pinto,almeidalara@example.net
662,Souza,onovaes@example.com
663,Cavalcante Sousa - EI,uduarte@example.com
664,Barbosa Castro - ME,aylla53@example.org
665,Camargo - ME,aoliveira@example.com
666,Pereira,davi-miguel50@example.org
667,Brito,vcasa-grande@example.org
668,Costa,fcardoso@example.com
669,Cunha,mourayan@example.com
670,Melo,claraoliveira@example.org
671,Souza S.A.,valentim77@example.org
672,Lopes Rios - ME,valentina44@example.net
673,Abreu Nogueira e Filhos,rpinto@example.com
674,da Rosa,ddias@example.net
675,Cunha,pcunha@example.com
676,Nunes S/A,mporto@example.net
677,Martins S.A.,salesnoah@example.net
678,Sampaio,leticia87@example.net
679,da Conceição da Cruz S/A,rioslorena@example.com
680,Costela,albuquerquedaniela@example.com
681,Pimenta,davi08@example.org
682,Rodrigues,cabreu@example.net
683,Caldeira,maria-liz85@example.com
684,Carvalho Caldeira Ltda.,da-conceicaoisis@example.org
685,Aragão Caldeira Ltda.,mathias18@example.org
686,Monteiro - EI,murilomendes@example.org
687,Pires Sales - EI,isis43@example.net
688,Ferreira Cassiano S.A.,zcardoso@example.org
689,Costela S/A,ottoviana@example.org
690,da Cruz,mendesfernanda@example.com
691,da Rocha Ltda.,kvargas@example.org
692,Brito,nicolesales@example.com
693,Gomes,tnogueira@example.net
694,Gonçalves,maria-alice42@example.org
695,Cassiano,wramos@example.net
696,Lopes,obrito@example.com
697,Borges da Luz - ME,hadassa23@example.org
698,Mendonça Ltda.,guerracatarina@example.org
699,Câmara,kgarcia@example.com
700,Pinto,souzaaylla@example.org
701,Ferreira,mendesalicia@example.net
702,Azevedo Moraes e Filhos,cassianoluiz-otavio@example.net
703,da Cunha Pastor e Filhos,kaiquegoncalves@example.org
704,Dias Fonseca S/A,luiz-fernandopeixoto@example.net
705,Barros S.A.,osouza@example.com
706,Freitas Leão - ME,da-luzolivia@example.org
707,Costa e Filhos,goncalvesarthur-gabriel@example.com
708,Machado - ME,josuebarbosa@example.com
709,Garcia S.A.,nunesmarcos-vinicius@example.net
710,Vargas Garcia - EI,ana55@example.org
711,Carvalho,acamara@example.org
712,da Cruz Mendonça - EI,mbrito@example.net
713,Pacheco,casa-grandehenry@example.net
714,Gomes,da-costaluiz-otavio@example.org
715,Dias,isaque12@example.org
716,Vargas,nicolas68@example.org
717,da Rocha,ana-juliafernandes@example.net
718,Vasconcelos S.A.,heloisa04@example.net
719,Castro,luiz-gustavocamargo@example.net
720,Freitas Borges - EI,barrosagatha@example.net
721,Rocha S/A,benicio66@example.com
722,Abreu Moraes S/A,caroline64@example.net
723,Câmara Martins - ME,qoliveira@example.net
724,da Costa Novaes S.A.,lgomes@example.com
725,da Paz,gaelcirino@example.com
726,Araújo Duarte - EI,alexandre84@example.com
727,Vargas,murilomoraes@example.net
728,Aparecida,maria-lizcaldeira@example.com
729,Leão,kcastro@example.com
730,Garcia Aragão Ltda.,lunnasales@example.com
731,Monteiro Novaes - ME,larissaandrade@example.com
732,Araújo,gomesmelissa@example.net
733,Ferreira,almeidacaroline@example.com
734,Aragão,bcirino@example.net
735,Freitas Melo S.A.,diogo07@example.com
736,Cirino,yjesus@example.net
737,da Luz Cunha S.A.,luiz-fernando81@example.net
738,Campos,danielaoliveira@example.org
739,Pastor S/A,melissamonteiro@example.org
740,Vieira,opastor@example.com
741,Pimenta,danielasousa@example.net
742,Guerra S.A.,thomas62@example.com
743,Siqueira S/A,aalbuquerque@example.com
744,Cassiano Porto e Filhos,sara02@example.org
745,Azevedo,amacedo@example.net
746,Pereira Silva - ME,maya97@example.org
747,da Rosa Martins Ltda.,ysantos@example.org
748,das Neves,cunhaerick@example.net
749,Ribeiro Araújo Ltda.,enzo-gabriel89@example.net
750,Vasconcelos,xmarques@example.net
751,Nascimento,anthonyda-mota@example.net
752,Fernandes,gsa@example.org
753,Viana,mirella16@example.org
754,Lopes S/A,ncosta@example.org
755,Farias,cecilia68@example.org
756,Carvalho,heloisalopes@example.net
757,Cunha,ana17@example.net
758,Albuquerque Moraes - ME,rvargas@example.org
759,Mendonça Peixoto Ltda.,ana-cecilia49@example.org
760,Abreu S/A,rmonteiro@example.net
761,Ferreira - EI,dsa@example.org
762,Abreu,luizacassiano@example.net
763,da Mota Moraes - ME,valentina71@example.net
764,da Mata,emoraes@example.org
765,da Costa,wcorreia@example.com
766,Rezende,vieiralavinia@example.com
767,Lopes Sá Ltda.,eduarte@example.com
768,Alves Cunha e Filhos,brendamendes@example.net
769,Duarte Lima e Filhos,hmelo@example.net
770,Campos,hcosta@example.net
771,Camargo,nmoraes@example.net
772,Marques,lrezende@example.net
773,Novais Pinto S/A,joao-lucascostela@example.org
774,Dias Pereira S.A.,guerrapaulo@example.net
775,Pinto,cpastor@example.net
776,da Conceição - ME,zsilva@example.net
777,Barros S/A,esther94@example.org
778,Aparecida,rrezende@example.com
779,das Neves S/A,rpires@example.org
780,Sales S/A,macedocarlos-eduardo@example.com
781,da Mata,zoemachado@example.net
782,Mendes e Filhos,erickvargas@example.org
783,Casa Grande,pedro-miguel23@example.net
784,Correia,aurora34@example.com
785,Marques S.A.,vasconcelosluiz-miguel@example.com
786,Nogueira Aparecida Ltda.,ravi63@example.com
787,Barros S.A.,sofia64@example.net
788,Duarte Ltda.,cpacheco@example.com
789,Caldeira - EI,nogueiramaria-luiza@example.org
790,da Mata,lopesmarcela@example.net
791,Lima Gonçalves - ME,carlos-eduardoda-conceicao@example.org
792,Ramos - ME,theoalves@example.org
793,Mendes Marques - EI,costelaalicia@example.org
794,Dias da Cunha - ME,emanuella44@example.com
795,Pires S.A.,cassianoana-julia@example.net
796,Santos,isadora90@example.org
797,Garcia Ltda.,gsales@example.net
798,Marques,csilva@example.org
799,Leão,nogueirastephany@example.org
800,Andrade,kmarques@example.net
801,Leão,helena32@example.org
802,Martins,calebe45@example.org
803,Rezende,vasconcelosalana@example.org
804,Cardoso,vianaisaque@example.net
805,Moura,nicolas86@example.org
806,Gomes e Filhos,arthur-gabrielfonseca@example.com
807,Rodrigues - EI,danilo50@example.org
808,Pimenta,erickpinto@example.org
809,Brito - ME,sarahrios@example.com
810,Cirino,hadassagomes@example.net
811,Mendes,silveiramiguel@example.org
812,Montenegro,luanpereira@example.net
813,Nascimento Ltda.,yancasa-grande@example.org
814,Macedo,barbosanathan@example.org
815,Sá - ME,kmachado@example.net
816,da Mata,duarteana-liz@example.org
817,Cassiano,ana-clara76@example.net
818,Melo S/A,igormachado@example.com
819,da Rosa,rebeca61@example.com
820,Siqueira Jesus S/A,xsales@example.org
821,Fogaça,arthur-miguelpeixoto@example.net
822,Ribeiro e Filhos,bmarques@example.com
823,da Rocha - ME,calebejesus@example.com
824,Araújo,dpastor@example.net
825,Pires Ltda.,benjamimlima@example.org
826,Lima,da-costaana-livia@example.com
827,Câmara,luara77@example.com
828,Almeida Pinto - EI,zpires@example.org
829,Freitas S/A,garciadiogo@example.com
830,Sousa,yleao@example.net
831,da Luz Duarte Ltda.,mariamoraes@example.net
832,Araújo,fcarvalho@example.org
833,Vargas,tlima@example.org
834,Camargo - EI,ana-juliamoreira@example.com
835,Guerra Ltda.,ribeirobruna@example.net
836,Viana S.A.,pietroalmeida@example.org
837,Vieira Siqueira - EI,bcampos@example.org
838,Sampaio,qjesus@example.com
839,Oliveira Sousa - EI,osa@example.org
840,Sales,pietra77@example.net
841,Araújo S/A,ana-luizafarias@example.com
842,Pacheco Pires - ME,lucca59@example.com
843,Lopes,freitasyuri@example.net
844,Cirino,iancardoso@example.net
845,da Rocha,tsilveira@example.org
846,da Mota e Filhos,spastor@example.org
847,Montenegro,vicentepinto@example.com
848,Dias,yvieira@example.net
849,Carvalho - EI,matheus13@example.org
850,Garcia,luigi66@example.net
851,da Mata S.A.,erodrigues@example.org
852,Campos,barrosenzo@example.org
853,Jesus,jmoreira@example.org
854,Câmara Lopes e Filhos,nathan31@example.net
855,Cavalcanti S.A.,camila88@example.com
856,Vieira Guerra - ME,ucaldeira@example.com
857,das Neves,oliveirafelipe@example.com
858,Mendonça Ltda.,limaluna@example.org
859,Caldeira,gael-henrique50@example.org
860,Ramos Aragão e Filhos,vitor59@example.org
861,Aragão,cavalcantebreno@example.com
862,Leão,sfernandes@example.org
863,Rocha,aparecidavitor-gabriel@example.net
864,Fogaça Marques e Filhos,diaslara@example.com
865,Barros,eduarda26@example.org
866,Santos Pimenta S.A.,hadassasa@example.org
867,Correia Novais Ltda.,ravisiqueira@example.net
868,Freitas,aviana@example.org
869,da Mota Rezende S.A.,luiz-fernando61@example.net
870,Montenegro - EI,esterborges@example.net
871,Alves,davi-lucassampaio@example.org
872,Carvalho,portomanuela@example.com
873,Novaes - ME,fariasluiz-fernando@example.org
874,Aparecida,wfernandes@example.com
875,Monteiro,machadolavinia@example.org
876,Vieira Ribeiro Ltda.,danieldas-neves@example.com
877,Ferreira e Filhos,vasconceloseduarda@example.org
878,Teixeira Carvalho S/A,maite60@example.com
879,Garcia Cavalcante - EI,agatha18@example.org
880,Vasconcelos S/A,nda-rocha@example.com
881,da Rosa - ME,agatha09@example.com
882,Mendes,sampaioalexia@example.org
883,Sales,costelaleandro@example.org
884,Pires S.A.,maria-fernandavasconcelos@example.net
885,Oliveira Albuquerque e Filhos,camposdavi-miguel@example.net
886,Moreira Ltda.,ceciliada-mata@example.org
887,Peixoto S.A.,ana-beatriz10@example.org
888,da Rosa,mariana87@example.com
889,Nunes - EI,ufreitas@example.org
890,Abreu,lgoncalves@example.net
891,Cunha Souza - EI,murilocirino@example.net
892,Correia,pachecoenzo@example.net
893,Machado Monteiro - ME,caua08@example.com
894,Novais e Filhos,enzo-gabriel98@example.net
895,Abreu,luigi51@example.net
896,Souza - ME,isaacfarias@example.org
897,Araújo,kamilly02@example.com
898,Moura,yvieira@example.net
899,Cardoso S/A,hda-mata@example.net
900,Duarte,uaraujo@example.org
901,Martins,andradevitor-hugo@example.net
902,Vieira Ribeiro e Filhos,gabriela15@example.net
903,Aragão,rsilveira@example.net
904,Rocha,diegoalmeida@example.com
905,Cavalcante,rodrigo49@example.org
906,Ribeiro da Mata Ltda.,lguerra@example.com
907,Nunes Pires - ME,vicente36@example.net
908,Montenegro - EI,vsouza@example.com
909,Novaes Cavalcanti - ME,henrymelo@example.com
910,Garcia,helena84@example.org
911,Abreu,maria-sophia37@example.org
912,Mendonça,valentina73@example.org
913,Sousa,rborges@example.com
914,Aparecida,caroline45@example.org
915,Lima Pacheco - EI,peixotocarlos-eduardo@example.com
916,Souza,gustavo86@example.net
917,da Costa S.A.,salespedro-miguel@example.org
918,das Neves da Cunha Ltda.,otaviopereira@example.net
919,da Cunha - EI,oliviadas-neves@example.net
920,Barros Nascimento - ME,lorenarocha@example.com
921,Pastor,olivia91@example.com
922,Teixeira Moreira Ltda.,kcampos@example.org
923,Nunes,fonsecafrancisco@example.net
924,da Rosa,nicolemendes@example.org
925,Sá,carolinamelo@example.org
926,Fogaça,joao-guilherme57@example.org
927,Vargas,amanda92@example.net
928,Cavalcante,cirinohenry-gabriel@example.net
929,Brito,tmacedo@example.net
930,Casa Grande,vasconcelosana-carolina@example.org
931,Nascimento,qda-paz@example.net
932,Lopes,caldeirarhavi@example.net
933,Moura,kmachado@example.com
934,da Rocha Nascimento S/A,xpimenta@example.org
935,Novais - EI,knascimento@example.org
936,Novais,luiz-otavio99@example.org
937,Azevedo,gcassiano@example.com
938,Correia,novaisleonardo@example.com
939,Nascimento - ME,ana-lizda-cruz@example.org
940,Lopes Castro - ME,hcavalcante@example.org
941,Nascimento,efonseca@example.org
942,da Mata,wsampaio@example.org
943,das Neves,rnogueira@example.org
944,Novais S/A,britoevelyn@example.com
945,Barros da Rocha - EI,voliveira@example.org
946,Novais,aparecidaana-julia@example.org
947,Porto,isaac02@example.org
948,Aparecida S/A,goncalvesmariah@example.org
949,Vieira Rocha S.A.,maria-eduardaaraujo@example.org
950,da Cunha Montenegro S/A,goncalvesnicolas@example.org
951,Andrade,ceciliaoliveira@example.net
952,Moreira,oliveiranoah@example.com
953,Melo,vcassiano@example.org
954,Albuquerque,da-mataana-carolina@example.org
955,Sá Cavalcante - ME,wda-costa@example.net
956,Leão Siqueira Ltda.,luigisantos@example.com
957,Montenegro,rrocha@example.org
958,Guerra Souza e Filhos,monteirogustavo-henrique@example.net
959,Pinto Guerra - ME,da-luzluiz-otavio@example.org
960,Vasconcelos Abreu - ME,azevedoisabelly@example.com
961,Leão Ltda.,amacedo@example.org
962,Melo,fsilveira@example.org
963,Pastor,emanuellyborges@example.org
964,Aragão Ribeiro S.A.,silvalaura@example.net
965,da Cunha S.A.,maria-alice54@example.com
966,da Conceição,beatriz26@example.com
967,Pastor,ccavalcanti@example.org
968,Barbosa Sá Ltda.,yda-rocha@example.net
969,Farias Pires - EI,luna50@example.org
970,Rodrigues,gustavo-henriqueporto@example.com
971,Ribeiro - ME,teixeiraisabel@example.org
972,Sousa Macedo - ME,vdas-neves@example.com
973,Nunes Ltda.,salesmilena@example.com
974,Araújo,xmoura@example.com
975,Freitas Lopes S/A,wleao@example.net
976,Vasconcelos,thiago85@example.net
977,Barbosa e Filhos,da-conceicaolucca@example.com
978,Andrade Ltda.,camila37@example.net
979,Pinto,henry17@example.org
980,da Mata,spastor@example.net
981,Pereira Ltda.,emanuellarios@example.net
982,Martins,maria-julianovaes@example.com
983,Souza,tnascimento@example.com
984,Rios,mendesbianca@example.org
985,Moura,arthur62@example.net
986,Ramos Moura - ME,alexandrefogaca@example.org
987,da Conceição Ltda.,mendesvitor-gabriel@example.org
988,Porto,barbosasophie@example.com
989,Peixoto,tvargas@example.net
990,Pinto,pintohadassa@example.net
991,Nunes S/A,brunolopes@example.net
992,da Mota - EI,yasminbrito@example.org
993,Mendonça da Rosa S.A.,brios@example.org
994,da Paz,riosenzo-gabriel@example.com
995,Monteiro da Rosa - ME,camposlavinia@example.net
996,Freitas Machado Ltda.,claricesilveira@example.net
997,Jesus,joao-vitoralves@example.org
998,da Paz,ana-julia60@example.com
999,Caldeira Silveira S/A,castromarcela@example.com
1000,Albuquerque,siqueirabreno@example.org
